{
    "id": 10,
    "obns_cyr": "Триадица",
    "obns_lat": "Triadica",
    "obns_num": "10",
    "q10_a1_count": 0,
    "q10_a2_count": 27,
    "q10_a3_count": 12,
    "q10_a4_count": 47,
    "q12_per_capita_a1_count": 11,
    "q12_per_capita_a2_count": 9,
    "q12_per_capita_a3_count": 15,
    "q12_per_capita_a4_count": 16,
    "q12_per_capita_a5_count": 7,
    "q12_per_capita_a6_count": 2,
    "q12_per_capita_a7_count": 0,
    "q12_per_capita_a8_count": 2,
    "q12_per_capita_a9_count": 24,
    "q1_rajon": 10,
    "q2_allife_a1_count": 8,
    "q2_allife_a2_count": 8,
    "q2_allife_a3_count": 8,
    "q2_allife_a4_count": 12,
    "q2_allife_a5_count": 47,
    "q3_a1_count": 28,
    "q3_a2_count": 35,
    "q3_a3_count": 23,
    "q4_a1_count": 12,
    "q4_a2_count": 44,
    "q4_a3_count": 30,
    "q5_uniq_count_obj": {
      "1": 14,
      "10": 3,
      "11": 1,
      "12": 4,
      "13": 2,
      "14": 9,
      "16": 4,
      "20": 10,
      "21": 33,
      "37": 5,
      "4": 16,
      "49": 7,
      "5": 15,
      "50": 1,
      "55": 3,
      "56": 2,
      "7": 10,
      "9": 55
    },
    "q6_uniq_count_obj": {
      "13": 58,
      "15": 29,
      "17": 1,
      "19": 2,
      "2": 4,
      "21": 6,
      "23": 10,
      "25": 2,
      "26": 8,
      "29": 5,
      "3": 9,
      "31": 2,
      "32": 1,
      "35": 7,
      "39": 4,
      "44": 6,
      "5": 3,
      "6": 19,
      "7": 5,
      "8": 29,
      "9": 2
    },
    "q7_10_avg": 3.9036144578313254,
    "q7_11_avg": 3.963855421686747,
    "q7_12_avg": 3.927710843373494,
    "q7_13_avg": 4.108433734939759,
    "q7_14_avg": 4.141176470588236,
    "q7_15_avg": 4.119047619047619,
    "q7_16_avg": 3.8658536585365852,
    "q7_17_avg": 4.096385542168675,
    "q7_18_avg": 4.059523809523809,
    "q7_19_avg": 3.7349397590361444,
    "q7_1_avg": 3.988095238095238,
    "q7_20_avg": 3.9879518072289155,
    "q7_21_avg": 3.8433734939759034,
    "q7_22_avg": 3.7976190476190474,
    "q7_23_avg": 3.9285714285714284,
    "q7_24_avg": 4.011764705882353,
    "q7_25_avg": 4.047058823529412,
    "q7_26_avg": 3.9404761904761907,
    "q7_2_avg": 4.109756097560975,
    "q7_3_avg": 3.9285714285714284,
    "q7_4_avg": 3.2195121951219514,
    "q7_5_avg": 3.7023809523809526,
    "q7_6_avg": 3.2409638554216866,
    "q7_7_avg": 4.3023255813953485,
    "q7_8_avg": 3.337349397590361,
    "q7_9_avg": 3.5357142857142856,
    "q8_a1_count": 30,
    "q8_a2_count": 54,
    "q8_a3_count": 2,
    "q9_age_group_a1_count": 5,
    "q9_age_group_a2_count": 27,
    "q9_age_group_a3_count": 24,
    "q9_age_group_a4_count": 14,
    "q9_age_group_a5_count": 9,
    "q9_age_group_a6_count": 5,
    "q_total_count": 86
  }