{
    "id": 22,
    "obns_cyr": "Кремиковци",
    "obns_lat": "Kremikowci",
    "obns_num": "22",
    "q10_a1_count": 0,
    "q10_a2_count": 4,
    "q10_a3_count": 4,
    "q10_a4_count": 91,
    "q12_per_capita_a1_count": 4,
    "q12_per_capita_a2_count": 8,
    "q12_per_capita_a3_count": 10,
    "q12_per_capita_a4_count": 14,
    "q12_per_capita_a5_count": 16,
    "q12_per_capita_a6_count": 9,
    "q12_per_capita_a7_count": 3,
    "q12_per_capita_a8_count": 12,
    "q12_per_capita_a9_count": 25,
    "q1_rajon": 22,
    "q2_allife_a1_count": 12,
    "q2_allife_a2_count": 14,
    "q2_allife_a3_count": 10,
    "q2_allife_a4_count": 18,
    "q2_allife_a5_count": 45,
    "q3_a1_count": 34,
    "q3_a2_count": 25,
    "q3_a3_count": 41,
    "q4_a1_count": 77,
    "q4_a2_count": 20,
    "q4_a3_count": 4,
    "q5_uniq_count_obj": null,
    "q6_uniq_count_obj": null,
    "q7_10_avg": 4.1313131313131315,
    "q7_11_avg": 3.12,
    "q7_12_avg": 4.475247524752475,
    "q7_13_avg": 4.8316831683168315,
    "q7_14_avg": 4.792079207920792,
    "q7_15_avg": 4.52,
    "q7_16_avg": 4.37,
    "q7_17_avg": 4.44,
    "q7_18_avg": 4.5,
    "q7_19_avg": 3.94,
    "q7_1_avg": 4.01,
    "q7_20_avg": 3.663265306122449,
    "q7_21_avg": 3.9292929292929295,
    "q7_22_avg": 3.8514851485148514,
    "q7_23_avg": 4.51,
    "q7_24_avg": 4.41,
    "q7_25_avg": 4.633663366336633,
    "q7_26_avg": 3.1818181818181817,
    "q7_2_avg": 4.623762376237623,
    "q7_3_avg": 4.282828282828283,
    "q7_4_avg": 4.39,
    "q7_5_avg": 3.6565656565656566,
    "q7_6_avg": 4.633663366336633,
    "q7_7_avg": 4.51,
    "q7_8_avg": 4.623762376237623,
    "q7_9_avg": 3.69,
    "q8_a1_count": 34,
    "q8_a2_count": 65,
    "q8_a3_count": 2,
    "q9_age_group_a1_count": 5,
    "q9_age_group_a2_count": 12,
    "q9_age_group_a3_count": 39,
    "q9_age_group_a4_count": 27,
    "q9_age_group_a5_count": 10,
    "q9_age_group_a6_count": 5,
    "q_total_count": 101
}